id,first_name,last_name,email,gender,ip_address
1,Herb,Gellan,hgellan0@blogtalkradio.com,Male,233.166.212.86
2,Dalton,Butten,dbutten1@marriott.com,Male,25.81.78.142
3,Federico,Lanaway,flanaway2@wordpress.com,Male,111.96.121.98
4,Talia,Walbrun,twalbrun3@networkadvertising.org,Female,58.112.18.225
5,Thorin,Knight,tknight4@behance.net,Male,104.107.158.96
6,Juana,Dodd,jdodd5@hao123.com,Female,246.82.16.218
7,Cortie,Syne,csyne6@discuz.net,Male,214.43.246.111
8,Gae,Orrell,gorrell7@patch.com,Agender,93.201.246.132
9,Abraham,Laycock,alaycock8@com.com,Male,159.251.24.102
10,Fifi,Bolte,fbolte9@cafepress.com,Female,23.1.58.243
11,Garrik,Swiffen,gswiffena@newsvine.com,Male,190.254.95.185
12,Cass,Cuddehay,ccuddehayb@1688.com,Agender,226.97.110.245
13,Salomo,Heijnen,sheijnenc@de.vu,Male,106.0.102.137
14,Natividad,Beteriss,nbeterissd@timesonline.co.uk,Female,70.81.243.179
15,Joseito,Rewan,jrewane@ucoz.ru,Male,240.53.234.203
16,Guillermo,Tulloch,gtullochf@webs.com,Male,122.76.38.125
17,Pete,Bignell,pbignellg@wordpress.com,Male,235.104.55.177
18,Franzen,Mallett,fmalletth@foxnews.com,Male,153.87.11.120
19,Cordelia,Shill,cshilli@examiner.com,Female,228.127.168.120
20,Essie,Luton,elutonj@cyberchimps.com,Female,224.66.62.50
21,Danielle,Myton,dmytonk@flickr.com,Female,142.250.216.98
22,Adair,Backsal,abacksall@linkedin.com,Male,109.81.18.128
23,Ailyn,Diack,adiackm@technorati.com,Female,29.35.159.157
24,Mirella,Davern,mdavernn@blog.com,Female,106.255.244.24
25,Dot,Norbury,dnorburyo@globo.com,Female,87.242.98.67
26,Reilly,Ellsworthe,rellsworthep@deviantart.com,Male,129.33.99.156
27,Jeniece,Yoell,jyoellq@telegraph.co.uk,Female,200.93.117.110
28,Paolo,Masser,pmasserr@cpanel.net,Male,97.178.131.142
29,Katerine,Moncreiffe,kmoncreiffes@taobao.com,Non-binary,57.80.198.111
30,Grantley,Filyukov,gfilyukovt@sakura.ne.jp,Male,43.217.91.74
31,Cymbre,Plewes,cplewesu@uiuc.edu,Female,169.91.115.81
32,Daloris,Shekle,dsheklev@sciencedaily.com,Female,100.254.181.233
33,Laraine,Benyon,lbenyonw@thetimes.co.uk,Bigender,39.75.121.4
34,Angy,Bannester,abannesterx@wix.com,Non-binary,157.70.96.240
35,Dun,Maypes,dmaypesy@yahoo.com,Male,179.34.79.73
36,Marley,Cato,mcatoz@nifty.com,Female,237.20.9.168
37,Ellswerth,Beddis,ebeddis10@wired.com,Male,13.250.202.69
38,Scot,Fassam,sfassam11@google.co.jp,Male,14.228.200.162
39,Kaleb,Shugg,kshugg12@disqus.com,Male,0.73.15.45
40,Drusie,Finlow,dfinlow13@blog.com,Female,7.237.250.21
41,Putnam,Herreran,pherreran14@dailymotion.com,Male,165.14.7.57
42,Rafi,Jacobbe,rjacobbe15@wix.com,Male,255.137.225.73
43,Hamilton,Kingsford,hkingsford16@wiley.com,Male,127.42.0.130
44,Ellyn,Kirkbride,ekirkbride17@wiley.com,Female,123.111.180.174
45,Vin,Bland,vbland18@wsj.com,Female,188.242.22.215
46,Freemon,Coggings,fcoggings19@arizona.edu,Non-binary,207.235.1.175
47,Mora,Smail,msmail1a@utexas.edu,Female,255.81.26.201
48,Riccardo,Yukhnin,ryukhnin1b@google.ru,Male,188.59.98.99
49,Maria,Fieldgate,mfieldgate1c@netscape.com,Female,61.89.251.91
50,Mab,Parnaby,mparnaby1d@arstechnica.com,Female,30.25.185.114
